id,first_name,last_name,email,phone,created_at
1,Lani,Rollins,blandit@quam.com,1-633-389-7173,Mon Nov 05 2018 15:48:26 GMT+0700 (GMT+07:00)
2,McKenzie,Burris,mauris.Morbi.non@nequeNullam.com,1-906-235-0832,Mon Nov 05 2018 15:48:26 GMT+0700 (GMT+07:00)
3,Amethyst,Morgan,dui@magnis.ca,1-548-366-6273,Mon Nov 05 2018 15:48:26 GMT+0700 (GMT+07:00)
4,Lamar,Hardin,pharetra.felis.eget@mattisInteger.com,1-519-693-8091,Mon Nov 05 2018 15:48:26 GMT+0700 (GMT+07:00)
5,Keegan,Coleman,leo.Cras.vehicula@musProinvel.edu,1-998-626-8896,Mon Nov 05 2018 15:48:26 GMT+0700 (GMT+07:00)
6,Marshall,Griffith,egestas.Aliquam@Proinvelnisl.edu,1-554-353-5053,Mon Nov 05 2018 15:48:26 GMT+0700 (GMT+07:00)
7,Jonah,Deleon,Donec.tincidunt.Donec@dolor.org,1-782-671-2356,Mon Nov 05 2018 15:48:26 GMT+0700 (GMT+07:00)
8,Jackson,Howell,eleifend@Nuncullamcorpervelit.ca,1-323-738-0807,Mon Nov 05 2018 15:48:26 GMT+0700 (GMT+07:00)
9,Kieran,Edwards,a.enim@perinceptoshymenaeos.com,1-695-830-5757,Mon Nov 05 2018 15:48:26 GMT+0700 (GMT+07:00)
10,Fiona,Howard,ut.quam@loremfringillaornare.org,1-494-585-2386,Mon Nov 05 2018 15:48:26 GMT+0700 (GMT+07:00)
11,Jorden,Ruiz,iaculis.lacus.pede@temporerat.com,1-314-890-5249,Mon Nov 05 2018 15:48:26 GMT+0700 (GMT+07:00)
12,Kendall,Burt,eu.eros@eutellus.org,1-141-379-8276,Mon Nov 05 2018 15:48:26 GMT+0700 (GMT+07:00)
13,Blossom,Cantrell,Suspendisse.aliquet@estarcu.ca,1-369-893-7454,Mon Nov 05 2018 15:48:26 GMT+0700 (GMT+07:00)
14,Latifah,Barron,est@mauris.edu,1-321-158-7603,Mon Nov 05 2018 15:48:26 GMT+0700 (GMT+07:00)
15,Brenna,Horton,morbi@AliquamnislNulla.edu,1-564-409-7698,Mon Nov 05 2018 15:48:26 GMT+0700 (GMT+07:00)
16,Ray,Alexander,ac@Duis.edu,1-400-270-5855,Mon Nov 05 2018 15:48:26 GMT+0700 (GMT+07:00)
17,Tyler,Daniels,ac@morbitristiquesenectus.com,1-192-852-6320,Mon Nov 05 2018 15:48:26 GMT+0700 (GMT+07:00)
18,Hanae,Kelly,Mauris.magna@loremfringillaornare.org,1-136-621-1133,Mon Nov 05 2018 15:48:26 GMT+0700 (GMT+07:00)
19,Barrett,Chan,sed@mollis.org,1-268-800-8354,Mon Nov 05 2018 15:48:26 GMT+0700 (GMT+07:00)
20,Wylie,Holden,et@nibhsit.com,1-174-288-4996,Mon Nov 05 2018 15:48:26 GMT+0700 (GMT+07:00)
21,Hedda,Downs,pede.Nunc.sed@Sedauctor.ca,1-349-185-4895,Mon Nov 05 2018 15:48:26 GMT+0700 (GMT+07:00)
22,Hope,Hooper,viverra@tristiquealiquet.edu,1-669-268-8015,Mon Nov 05 2018 15:48:26 GMT+0700 (GMT+07:00)
23,Avram,Lloyd,Lorem@blanditatnisi.ca,1-834-324-8689,Mon Nov 05 2018 15:48:26 GMT+0700 (GMT+07:00)
24,Emerald,Graham,placerat.velit.Quisque@euismodurnaNullam.com,1-191-903-4185,Mon Nov 05 2018 15:48:26 GMT+0700 (GMT+07:00)
25,Bert,Mullen,mauris@velarcu.org,1-869-728-6513,Mon Nov 05 2018 15:48:26 GMT+0700 (GMT+07:00)
26,Xerxes,Cohen,quam.vel.sapien@orci.com,1-268-787-2932,Mon Nov 05 2018 15:48:26 GMT+0700 (GMT+07:00)
27,Xaviera,Simpson,Fusce.mi.lorem@ligulaAliquam.com,1-463-925-2269,Mon Nov 05 2018 15:48:26 GMT+0700 (GMT+07:00)
28,Joy,Wooten,mi.Aliquam@pede.ca,1-814-208-3061,Mon Nov 05 2018 15:48:26 GMT+0700 (GMT+07:00)
29,Kane,Good,euismod.in@vitaepurusgravida.com,1-648-965-8144,Mon Nov 05 2018 15:48:26 GMT+0700 (GMT+07:00)
30,Blossom,Odom,commodo.at.libero@consectetueripsum.com,1-792-199-1426,Mon Nov 05 2018 15:48:26 GMT+0700 (GMT+07:00)
31,Ivy,Wise,egestas.lacinia.Sed@consequatnec.org,1-680-405-9126,Mon Nov 05 2018 15:48:26 GMT+0700 (GMT+07:00)
32,Allegra,Rosales,elit.pellentesque@Nullamenim.org,1-545-798-3482,Mon Nov 05 2018 15:48:26 GMT+0700 (GMT+07:00)
33,Candice,Kent,neque.Morbi@risus.ca,1-533-455-0536,Mon Nov 05 2018 15:48:26 GMT+0700 (GMT+07:00)
34,Yen,Ryan,Cras@Nuncullamcorper.edu,1-161-509-6241,Mon Nov 05 2018 15:48:26 GMT+0700 (GMT+07:00)
35,Vivian,Larson,orci.Ut@et.edu,1-445-598-1973,Mon Nov 05 2018 15:48:26 GMT+0700 (GMT+07:00)
36,Lawrence,Beach,risus@rhoncus.ca,1-678-303-4989,Mon Nov 05 2018 15:48:26 GMT+0700 (GMT+07:00)
37,Marvin,Stuart,amet.ultricies.sem@vitae.edu,1-721-818-2782,Mon Nov 05 2018 15:48:26 GMT+0700 (GMT+07:00)
38,Kimberley,Alvarado,sed.dui.Fusce@Morbiquis.com,1-877-365-2340,Mon Nov 05 2018 15:48:26 GMT+0700 (GMT+07:00)
39,Yardley,Pruitt,eu@nullaante.com,1-471-640-8907,Mon Nov 05 2018 15:48:26 GMT+0700 (GMT+07:00)
40,James,Oneill,pede.Cras@eleifendnec.org,1-881-215-2135,Mon Nov 05 2018 15:48:26 GMT+0700 (GMT+07:00)
41,Florence,Ruiz,lorem@aliquet.ca,1-729-520-3677,Mon Nov 05 2018 15:48:26 GMT+0700 (GMT+07:00)
42,Jerry,Ellison,sit.amet.consectetuer@elit.edu,1-396-500-9380,Mon Nov 05 2018 15:48:26 GMT+0700 (GMT+07:00)
43,Aphrodite,Whitfield,enim.Curabitur.massa@elementumategestas.ca,1-328-695-3383,Mon Nov 05 2018 15:48:26 GMT+0700 (GMT+07:00)
44,Hayes,Weber,ac@tincidunt.edu,1-711-759-7595,Mon Nov 05 2018 15:48:26 GMT+0700 (GMT+07:00)
45,Justine,Mosley,nec.ligula@Pellentesquehabitantmorbi.edu,1-577-815-1542,Mon Nov 05 2018 15:48:26 GMT+0700 (GMT+07:00)
46,Alfreda,Peck,eu.elit@rutrumeu.com,1-103-863-3199,Mon Nov 05 2018 15:48:26 GMT+0700 (GMT+07:00)
47,Jessamine,Swanson,placerat.orci.lacus@malesuadaInteger.com,1-279-324-6219,Mon Nov 05 2018 15:48:26 GMT+0700 (GMT+07:00)
48,Jemima,Mack,Duis.volutpat@Cumsociis.com,1-415-725-7745,Mon Nov 05 2018 15:48:26 GMT+0700 (GMT+07:00)
49,Isabella,Santiago,erat@Duisami.ca,1-302-923-9793,Mon Nov 05 2018 15:48:26 GMT+0700 (GMT+07:00)
50,Maia,Mathews,vulputate.risus.a@scelerisquemollisPhasellus.com,1-730-514-0531,Mon Nov 05 2018 15:48:26 GMT+0700 (GMT+07:00)
51,Hiram,Freeman,ipsum.Phasellus.vitae@ullamcorpereu.com,1-628-507-8637,Mon Nov 05 2018 15:48:26 GMT+0700 (GMT+07:00)
52,Kameko,Garrison,Morbi.neque.tellus@molestie.edu,1-625-688-7216,Mon Nov 05 2018 15:48:26 GMT+0700 (GMT+07:00)
53,Ivy,Robinson,Phasellus.nulla@malesuadavel.org,1-884-748-4013,Mon Nov 05 2018 15:48:26 GMT+0700 (GMT+07:00)
54,Zachery,Diaz,adipiscing.elit@nullavulputatedui.org,1-463-284-8324,Mon Nov 05 2018 15:48:26 GMT+0700 (GMT+07:00)
55,Charissa,Mitchell,pede@utsem.com,1-261-763-9654,Mon Nov 05 2018 15:48:26 GMT+0700 (GMT+07:00)
56,Montana,Hardy,vel@pellentesquetellussem.org,1-960-893-2196,Mon Nov 05 2018 15:48:26 GMT+0700 (GMT+07:00)
57,Alexander,Henson,Nullam.nisl.Maecenas@aliquamenim.org,1-319-384-6588,Mon Nov 05 2018 15:48:26 GMT+0700 (GMT+07:00)
58,Octavia,Odom,per.inceptos@nonfeugiatnec.com,1-526-745-3491,Mon Nov 05 2018 15:48:26 GMT+0700 (GMT+07:00)
59,Ruby,Maddox,fringilla.est@mollisduiin.com,1-167-716-6832,Mon Nov 05 2018 15:48:26 GMT+0700 (GMT+07:00)
60,Buckminster,Woodward,Curabitur.ut@metusAliquam.edu,1-325-675-7514,Mon Nov 05 2018 15:48:26 GMT+0700 (GMT+07:00)
61,Troy,Vinson,eu@netus.ca,1-796-489-6093,Mon Nov 05 2018 15:48:26 GMT+0700 (GMT+07:00)
62,Ivan,Hernandez,dui@Craseutellus.edu,1-316-167-5567,Mon Nov 05 2018 15:48:26 GMT+0700 (GMT+07:00)
63,Riley,Nguyen,mollis.dui@sapiencursus.com,1-843-542-8970,Mon Nov 05 2018 15:48:26 GMT+0700 (GMT+07:00)
64,Hermione,Hahn,Aenean.egestas@nonantebibendum.edu,1-728-385-0615,Mon Nov 05 2018 15:48:26 GMT+0700 (GMT+07:00)
65,Jerry,Mcintosh,accumsan@dolortempus.com,1-905-802-7462,Mon Nov 05 2018 15:48:26 GMT+0700 (GMT+07:00)
66,Tamekah,Fox,amet.consectetuer.adipiscing@vitae.ca,1-403-475-9211,Mon Nov 05 2018 15:48:26 GMT+0700 (GMT+07:00)
67,Benedict,Lloyd,Vivamus.euismod.urna@nibhPhasellus.ca,1-381-127-3111,Mon Nov 05 2018 15:48:26 GMT+0700 (GMT+07:00)
68,Chaim,Cherry,Etiam@Maecenasiaculis.com,1-808-829-9357,Mon Nov 05 2018 15:48:26 GMT+0700 (GMT+07:00)
69,Paloma,Avila,dis.parturient@molestie.ca,1-486-797-8181,Mon Nov 05 2018 15:48:26 GMT+0700 (GMT+07:00)
70,Cheryl,Hayes,et.ipsum@id.com,1-294-239-8095,Mon Nov 05 2018 15:48:26 GMT+0700 (GMT+07:00)
71,Nash,Flynn,lorem@facilisisSuspendisse.edu,1-488-207-3219,Mon Nov 05 2018 15:48:26 GMT+0700 (GMT+07:00)
72,Rebecca,Harris,Curae;.Phasellus@urnanec.org,1-676-586-0591,Mon Nov 05 2018 15:48:26 GMT+0700 (GMT+07:00)
73,Althea,Mcintyre,sem.vitae.aliquam@temporeratneque.ca,1-286-518-4810,Mon Nov 05 2018 15:48:26 GMT+0700 (GMT+07:00)
74,Brock,Paul,mattis.Integer@aliquetdiam.com,1-820-970-9769,Mon Nov 05 2018 15:48:26 GMT+0700 (GMT+07:00)
75,Vanna,Maddox,nunc.id.enim@eunequepellentesque.org,1-373-765-8833,Mon Nov 05 2018 15:48:26 GMT+0700 (GMT+07:00)
76,Maia,Morrison,egestas.Fusce.aliquet@quispede.edu,1-461-447-3331,Mon Nov 05 2018 15:48:26 GMT+0700 (GMT+07:00)
77,Evan,Barnes,erat.in.consectetuer@Donec.com,1-138-812-2889,Mon Nov 05 2018 15:48:26 GMT+0700 (GMT+07:00)
78,Sylvia,Gomez,vehicula.risus.Nulla@velfaucibusid.edu,1-209-542-6835,Mon Nov 05 2018 15:48:26 GMT+0700 (GMT+07:00)
79,Noble,Mills,Quisque@NullamenimSed.ca,1-571-859-7437,Mon Nov 05 2018 15:48:26 GMT+0700 (GMT+07:00)
80,Jaime,Bell,mus.Aenean@Curabitur.org,1-699-372-8480,Mon Nov 05 2018 15:48:26 GMT+0700 (GMT+07:00)
81,Jarrod,Lopez,egestas.ligula@egestas.org,1-884-627-3686,Mon Nov 05 2018 15:48:26 GMT+0700 (GMT+07:00)
82,George,Ball,a@etnetuset.ca,1-181-829-8754,Mon Nov 05 2018 15:48:26 GMT+0700 (GMT+07:00)
83,Bevis,Mckenzie,justo.sit.amet@parturientmontes.edu,1-178-547-1872,Mon Nov 05 2018 15:48:26 GMT+0700 (GMT+07:00)
84,Quintessa,Howell,eu.dui@ipsumleo.ca,1-347-212-6283,Mon Nov 05 2018 15:48:26 GMT+0700 (GMT+07:00)
85,September,Fulton,sem.ut.dolor@leoin.ca,1-805-182-3676,Mon Nov 05 2018 15:48:26 GMT+0700 (GMT+07:00)
86,Edan,Clements,erat.semper.rutrum@pedenonummy.ca,1-730-358-6414,Mon Nov 05 2018 15:48:26 GMT+0700 (GMT+07:00)
87,Francis,Medina,Nam@neccursus.org,1-508-865-4972,Mon Nov 05 2018 15:48:26 GMT+0700 (GMT+07:00)
88,Yetta,Faulkner,egestas.lacinia@semPellentesqueut.ca,1-336-978-3144,Mon Nov 05 2018 15:48:26 GMT+0700 (GMT+07:00)
89,Davis,Vega,commodo.tincidunt@dolortempus.ca,1-323-721-0245,Mon Nov 05 2018 15:48:26 GMT+0700 (GMT+07:00)
90,Wing,Hatfield,tincidunt.congue@turpisIncondimentum.com,1-651-165-4851,Mon Nov 05 2018 15:48:26 GMT+0700 (GMT+07:00)
91,Quon,Wilcox,dictum.ultricies.ligula@quam.ca,1-920-144-5488,Mon Nov 05 2018 15:48:26 GMT+0700 (GMT+07:00)
92,Carson,Lynch,Cum.sociis@magna.org,1-272-668-7475,Mon Nov 05 2018 15:48:26 GMT+0700 (GMT+07:00)
93,Xaviera,Anderson,amet.metus@eu.ca,1-133-672-4970,Mon Nov 05 2018 15:48:26 GMT+0700 (GMT+07:00)
94,Ivor,Weber,Nam@vulputate.com,1-852-509-0906,Mon Nov 05 2018 15:48:26 GMT+0700 (GMT+07:00)
95,Stella,Armstrong,adipiscing.elit@dictum.edu,1-654-142-1913,Mon Nov 05 2018 15:48:26 GMT+0700 (GMT+07:00)
96,Ann,Farrell,scelerisque@turpis.org,1-686-786-3777,Mon Nov 05 2018 15:48:26 GMT+0700 (GMT+07:00)
97,Kennedy,Rich,euismod.est@iaculisodio.edu,1-553-644-9572,Mon Nov 05 2018 15:48:26 GMT+0700 (GMT+07:00)
98,Adria,Santiago,nibh@nuncullamcorper.com,1-180-457-1157,Mon Nov 05 2018 15:48:26 GMT+0700 (GMT+07:00)
99,Sarah,Waters,nonummy.ac.feugiat@diamSed.com,1-187-134-2333,Mon Nov 05 2018 15:48:26 GMT+0700 (GMT+07:00)
100,Bernard,Price,tellus@tempordiamdictum.org,1-373-588-1689,Mon Nov 05 2018 15:48:26 GMT+0700 (GMT+07:00)
101,Maia,Estrada,et.commodo@dictumeu.org,1-451-794-0013,Mon Nov 05 2018 15:48:26 GMT+0700 (GMT+07:00)
102,Kimberly,Banks,cursus.non@nec.com,1-703-971-8342,Mon Nov 05 2018 15:48:26 GMT+0700 (GMT+07:00)
103,Dane,Rosales,metus.Aliquam@auctor.edu,1-994-906-2567,Mon Nov 05 2018 15:48:26 GMT+0700 (GMT+07:00)
104,Melodie,Whitehead,dui.Cras.pellentesque@vulputateposuerevulputate.com,1-665-590-7281,Mon Nov 05 2018 15:48:26 GMT+0700 (GMT+07:00)
105,Bethany,Baird,est@lobortisauguescelerisque.org,1-801-168-8287,Mon Nov 05 2018 15:48:26 GMT+0700 (GMT+07:00)
106,Haviva,Lane,ultrices.mauris@ornare.com,1-634-452-5636,Mon Nov 05 2018 15:48:26 GMT+0700 (GMT+07:00)
107,Perry,Day,arcu.Morbi.sit@lacinia.com,1-233-161-7064,Mon Nov 05 2018 15:48:26 GMT+0700 (GMT+07:00)
108,Sheila,Rollins,Pellentesque.tincidunt.tempus@Nullaeget.org,1-850-423-0956,Mon Nov 05 2018 15:48:26 GMT+0700 (GMT+07:00)
109,Donovan,Melendez,vulputate.dui@insodaleselit.edu,1-842-548-9366,Mon Nov 05 2018 15:48:26 GMT+0700 (GMT+07:00)
110,Leandra,Boone,feugiat.nec.diam@atauctorullamcorper.com,1-356-341-9774,Mon Nov 05 2018 15:48:26 GMT+0700 (GMT+07:00)
111,Kaden,Matthews,ante@consectetuermauris.ca,1-906-932-5932,Mon Nov 05 2018 15:48:26 GMT+0700 (GMT+07:00)
112,Eleanor,Ewing,faucibus.leo@Quisquenonummy.edu,1-853-831-2874,Mon Nov 05 2018 15:48:26 GMT+0700 (GMT+07:00)
113,Ignatius,Bruce,nonummy@cursus.ca,1-951-554-7873,Mon Nov 05 2018 15:48:26 GMT+0700 (GMT+07:00)
114,Hillary,Francis,vel.faucibus@arcu.edu,1-931-228-6606,Mon Nov 05 2018 15:48:26 GMT+0700 (GMT+07:00)
115,Shana,Barry,Nunc.commodo.auctor@rhoncusNullamvelit.ca,1-582-360-6031,Mon Nov 05 2018 15:48:26 GMT+0700 (GMT+07:00)
116,Nasim,James,orci@Curabituregestas.ca,1-677-247-8286,Mon Nov 05 2018 15:48:26 GMT+0700 (GMT+07:00)
117,Wallace,Rogers,Sed@a.edu,1-550-263-3284,Mon Nov 05 2018 15:48:26 GMT+0700 (GMT+07:00)
118,Zephr,Durham,et@mattisIntegereu.org,1-123-942-6496,Mon Nov 05 2018 15:48:26 GMT+0700 (GMT+07:00)
119,Carla,Edwards,id.ante@sitametrisus.edu,1-165-394-8968,Mon Nov 05 2018 15:48:26 GMT+0700 (GMT+07:00)
120,Shay,Lindsey,Ut.sagittis@velconvallis.ca,1-630-370-9934,Mon Nov 05 2018 15:48:26 GMT+0700 (GMT+07:00)
121,Barbara,Carson,Morbi.sit@Duis.ca,1-522-329-1148,Mon Nov 05 2018 15:48:26 GMT+0700 (GMT+07:00)
122,Leandra,Briggs,purus.Duis.elementum@consectetueradipiscingelit.org,1-976-869-3719,Mon Nov 05 2018 15:48:26 GMT+0700 (GMT+07:00)
123,Amos,Ellis,ac@nequeInornare.edu,1-171-286-0476,Mon Nov 05 2018 15:48:26 GMT+0700 (GMT+07:00)
124,Sylvia,Hernandez,bibendum.sed.est@nonluctus.edu,1-319-681-5937,Mon Nov 05 2018 15:48:26 GMT+0700 (GMT+07:00)
125,Sandra,Burnett,ac@vitae.edu,1-487-424-1198,Mon Nov 05 2018 15:48:26 GMT+0700 (GMT+07:00)
126,Kimberly,Espinoza,enim@Vivamuseuismod.org,1-126-610-3915,Mon Nov 05 2018 15:48:26 GMT+0700 (GMT+07:00)
127,Yoshi,Good,leo.elementum@NullamnislMaecenas.ca,1-264-373-0363,Mon Nov 05 2018 15:48:26 GMT+0700 (GMT+07:00)
128,Teagan,Burnett,neque.In.ornare@eget.edu,1-802-293-7973,Mon Nov 05 2018 15:48:26 GMT+0700 (GMT+07:00)
129,Barbara,Kemp,malesuada.id.erat@porttitorscelerisque.com,1-917-944-3359,Mon Nov 05 2018 15:48:26 GMT+0700 (GMT+07:00)
130,Sharon,Ramsey,erat.Etiam.vestibulum@commodotincidunt.edu,1-786-673-9886,Mon Nov 05 2018 15:48:26 GMT+0700 (GMT+07:00)
131,Stuart,Lloyd,montes@Fuscefermentum.edu,1-565-700-7886,Mon Nov 05 2018 15:48:26 GMT+0700 (GMT+07:00)
132,Tyler,Henry,Praesent.eu@tristique.ca,1-711-790-3864,Mon Nov 05 2018 15:48:26 GMT+0700 (GMT+07:00)
133,Carter,Bolton,sit.amet@vitaesodales.ca,1-339-127-6111,Mon Nov 05 2018 15:48:26 GMT+0700 (GMT+07:00)
134,Graham,Gonzalez,sodales.Mauris@at.com,1-854-240-5612,Mon Nov 05 2018 15:48:26 GMT+0700 (GMT+07:00)
135,Tate,Noble,scelerisque.dui@ipsumdolorsit.org,1-124-745-9894,Mon Nov 05 2018 15:48:26 GMT+0700 (GMT+07:00)
136,Zoe,Barr,Nullam@arcuacorci.ca,1-918-579-8663,Mon Nov 05 2018 15:48:26 GMT+0700 (GMT+07:00)
137,Harper,Mitchell,orci.lobortis@Etiambibendumfermentum.com,1-410-490-8909,Mon Nov 05 2018 15:48:26 GMT+0700 (GMT+07:00)
138,Fatima,Stafford,egestas.a@euplacerateget.ca,1-459-215-5529,Mon Nov 05 2018 15:48:26 GMT+0700 (GMT+07:00)
139,Liberty,Taylor,aliquet.magna@Suspendisse.edu,1-671-561-4900,Mon Nov 05 2018 15:48:26 GMT+0700 (GMT+07:00)
140,Berk,Sweeney,aliquam.eu.accumsan@ultricies.ca,1-555-107-0666,Mon Nov 05 2018 15:48:26 GMT+0700 (GMT+07:00)
141,Oren,Zamora,Proin.ultrices@egetodio.edu,1-272-572-6814,Mon Nov 05 2018 15:48:26 GMT+0700 (GMT+07:00)
142,Vera,Hewitt,ac.mattis.ornare@nibhAliquamornare.org,1-932-909-5799,Mon Nov 05 2018 15:48:26 GMT+0700 (GMT+07:00)
143,Lucian,Morrison,convallis@commodotinciduntnibh.ca,1-460-952-3461,Mon Nov 05 2018 15:48:26 GMT+0700 (GMT+07:00)
144,Heather,Langley,commodo.at@dolorsit.edu,1-471-951-9180,Mon Nov 05 2018 15:48:26 GMT+0700 (GMT+07:00)
145,Quamar,Mckay,cursus.in.hendrerit@nullaanteiaculis.org,1-808-355-3908,Mon Nov 05 2018 15:48:26 GMT+0700 (GMT+07:00)
146,Sandra,Keller,vestibulum.massa@turpisNullaaliquet.edu,1-893-701-7876,Mon Nov 05 2018 15:48:26 GMT+0700 (GMT+07:00)
147,Ila,Peterson,non@eudolor.ca,1-875-375-0506,Mon Nov 05 2018 15:48:26 GMT+0700 (GMT+07:00)
148,Lane,Valencia,tortor@Duisrisusodio.edu,1-503-281-8389,Mon Nov 05 2018 15:48:26 GMT+0700 (GMT+07:00)
149,Hedwig,Hooper,Mauris@libero.ca,1-574-624-2842,Mon Nov 05 2018 15:48:26 GMT+0700 (GMT+07:00)
150,Lyle,Calderon,tellus@hymenaeosMauris.edu,1-712-640-5847,Mon Nov 05 2018 15:48:26 GMT+0700 (GMT+07:00)
151,Dahlia,Rivers,Cras.pellentesque.Sed@lectus.org,1-870-154-2255,Mon Nov 05 2018 15:48:26 GMT+0700 (GMT+07:00)
152,Xerxes,Christensen,malesuada.fames.ac@sollicitudincommodoipsum.com,1-543-128-8466,Mon Nov 05 2018 15:48:26 GMT+0700 (GMT+07:00)
153,Linda,Sweeney,non@idenimCurabitur.edu,1-856-172-6643,Mon Nov 05 2018 15:48:26 GMT+0700 (GMT+07:00)
154,Piper,Green,semper.rutrum@velpedeblandit.com,1-991-847-5066,Mon Nov 05 2018 15:48:26 GMT+0700 (GMT+07:00)
155,Darryl,Hickman,luctus.sit@Donec.edu,1-383-947-2216,Mon Nov 05 2018 15:48:26 GMT+0700 (GMT+07:00)
156,Ella,Anthony,blandit.viverra@metus.ca,1-886-493-0176,Mon Nov 05 2018 15:48:26 GMT+0700 (GMT+07:00)
157,Maggie,Wiggins,luctus.et.ultrices@eros.edu,1-208-439-0694,Mon Nov 05 2018 15:48:26 GMT+0700 (GMT+07:00)
158,Dorothy,Wooten,diam.dictum.sapien@ametnullaDonec.ca,1-351-478-0387,Mon Nov 05 2018 15:48:26 GMT+0700 (GMT+07:00)
159,Austin,Burke,vitae.purus@a.ca,1-779-739-1699,Mon Nov 05 2018 15:48:26 GMT+0700 (GMT+07:00)
160,Quentin,Rowland,nisi.dictum@cursus.org,1-485-514-2255,Mon Nov 05 2018 15:48:26 GMT+0700 (GMT+07:00)
161,Haviva,Sharp,velit@sempertellus.com,1-312-572-3509,Mon Nov 05 2018 15:48:26 GMT+0700 (GMT+07:00)
162,Ashton,Boyd,dolor.Nulla.semper@sodaleselit.com,1-997-213-8518,Mon Nov 05 2018 15:48:26 GMT+0700 (GMT+07:00)
163,Walter,Poole,auctor.ullamcorper@pharetra.org,1-547-898-7097,Mon Nov 05 2018 15:48:26 GMT+0700 (GMT+07:00)
164,Ronan,Higgins,gravida.sagittis@purusac.ca,1-663-425-2128,Mon Nov 05 2018 15:48:26 GMT+0700 (GMT+07:00)
165,Jenette,Elliott,mollis.Phasellus@accumsansedfacilisis.ca,1-606-405-1996,Mon Nov 05 2018 15:48:26 GMT+0700 (GMT+07:00)
166,Aquila,Hammond,lacus@temporeratneque.com,1-408-720-5731,Mon Nov 05 2018 15:48:26 GMT+0700 (GMT+07:00)
167,Rashad,Bradley,consectetuer@quamvelsapien.com,1-138-228-8329,Mon Nov 05 2018 15:48:26 GMT+0700 (GMT+07:00)
168,Gail,Craig,lorem.sit.amet@atrisus.org,1-416-999-1603,Mon Nov 05 2018 15:48:26 GMT+0700 (GMT+07:00)
169,Fletcher,Price,ullamcorper.Duis@euismodindolor.com,1-922-755-7975,Mon Nov 05 2018 15:48:26 GMT+0700 (GMT+07:00)
170,Lance,Graves,non.nisi@tortorNunccommodo.org,1-656-827-1647,Mon Nov 05 2018 15:48:26 GMT+0700 (GMT+07:00)
171,Courtney,Delgado,tortor.Nunc.commodo@elit.ca,1-954-741-2057,Mon Nov 05 2018 15:48:26 GMT+0700 (GMT+07:00)
172,Branden,Estrada,fermentum.risus@utnisia.com,1-731-896-6183,Mon Nov 05 2018 15:48:26 GMT+0700 (GMT+07:00)
173,Summer,Bates,egestas.blandit@enimCurabiturmassa.com,1-635-930-7532,Mon Nov 05 2018 15:48:26 GMT+0700 (GMT+07:00)
174,Felicia,Franco,adipiscing@tristique.ca,1-866-584-8652,Mon Nov 05 2018 15:48:26 GMT+0700 (GMT+07:00)
175,Kimberley,Lang,at@urna.com,1-285-839-0723,Mon Nov 05 2018 15:48:26 GMT+0700 (GMT+07:00)
176,Joy,Diaz,enim@Aenean.edu,1-645-511-7768,Mon Nov 05 2018 15:48:26 GMT+0700 (GMT+07:00)
177,Libby,Santos,risus@Sedegetlacus.org,1-864-836-2892,Mon Nov 05 2018 15:48:26 GMT+0700 (GMT+07:00)
178,Elvis,Bartlett,Nulla.dignissim.Maecenas@faucibuslectus.ca,1-250-827-6850,Mon Nov 05 2018 15:48:26 GMT+0700 (GMT+07:00)
179,Tanisha,Jenkins,accumsan@sagittis.ca,1-216-495-7256,Mon Nov 05 2018 15:48:26 GMT+0700 (GMT+07:00)
180,Mercedes,Dyer,eu@idsapien.org,1-384-979-9641,Mon Nov 05 2018 15:48:26 GMT+0700 (GMT+07:00)
181,Blake,Pacheco,sed@eleifendnecmalesuada.org,1-312-148-6107,Mon Nov 05 2018 15:48:26 GMT+0700 (GMT+07:00)
182,Phillip,Kaufman,augue.porttitor@auctorullamcorpernisl.ca,1-708-662-8898,Mon Nov 05 2018 15:48:26 GMT+0700 (GMT+07:00)
183,Shaeleigh,Romero,blandit@Curabitur.org,1-165-876-5519,Mon Nov 05 2018 15:48:26 GMT+0700 (GMT+07:00)
184,Zelda,Stephens,purus@enimsit.org,1-298-178-8668,Mon Nov 05 2018 15:48:26 GMT+0700 (GMT+07:00)
185,Callum,Park,mollis@Donecdignissimmagna.com,1-640-202-1903,Mon Nov 05 2018 15:48:26 GMT+0700 (GMT+07:00)
186,Shafira,Moody,amet.dapibus.id@bibendumfermentummetus.com,1-842-608-5255,Mon Nov 05 2018 15:48:26 GMT+0700 (GMT+07:00)
187,Brenda,Gould,magna@Nullaeuneque.org,1-268-369-6552,Mon Nov 05 2018 15:48:26 GMT+0700 (GMT+07:00)
188,Amber,Harper,Cras.eu.tellus@turpis.org,1-845-470-9841,Mon Nov 05 2018 15:48:26 GMT+0700 (GMT+07:00)
189,Haviva,Harper,Quisque.tincidunt.pede@justoPraesent.ca,1-728-473-6876,Mon Nov 05 2018 15:48:26 GMT+0700 (GMT+07:00)
190,Deirdre,Wilkins,posuere@urnanecluctus.com,1-325-209-3431,Mon Nov 05 2018 15:48:26 GMT+0700 (GMT+07:00)
191,Ivana,Stark,nunc.sed.pede@auctorvitae.edu,1-174-752-3723,Mon Nov 05 2018 15:48:26 GMT+0700 (GMT+07:00)
192,Omar,Bishop,Nulla.tempor.augue@Nunc.org,1-506-840-0997,Mon Nov 05 2018 15:48:26 GMT+0700 (GMT+07:00)
193,Dominique,Lynch,turpis.Nulla.aliquet@Fuscemi.ca,1-301-683-9547,Mon Nov 05 2018 15:48:26 GMT+0700 (GMT+07:00)
194,Perry,Pope,molestie.tortor.nibh@tincidunt.edu,1-142-231-9667,Mon Nov 05 2018 15:48:26 GMT+0700 (GMT+07:00)
195,Alika,Dorsey,risus@luctusut.edu,1-203-167-8357,Mon Nov 05 2018 15:48:26 GMT+0700 (GMT+07:00)
196,Sloane,Reynolds,Ut.tincidunt@mollisPhaselluslibero.edu,1-943-900-6028,Mon Nov 05 2018 15:48:26 GMT+0700 (GMT+07:00)
197,Abra,Sanders,arcu@interdumCurabiturdictum.com,1-182-827-5052,Mon Nov 05 2018 15:48:26 GMT+0700 (GMT+07:00)
198,Blaze,Gould,lorem@Nullaeu.org,1-377-980-7889,Mon Nov 05 2018 15:48:26 GMT+0700 (GMT+07:00)
199,Talon,Ryan,condimentum@risusNuncac.org,1-712-327-5317,Mon Nov 05 2018 15:48:26 GMT+0700 (GMT+07:00)
200,Merritt,Joyce,malesuada.fringilla@elitNullafacilisi.edu,1-702-580-4785,Mon Nov 05 2018 15:48:26 GMT+0700 (GMT+07:00)
201,Abed,Lubis,lubisabednego@gmail,081263264401,Mon Nov 05 2018 15:48:26 GMT+0700 (GMT+07:00)